ImageNumber,ObjectNumber,Metadata_FileLocation,Metadata_Frame,Metadata_Series,Metadata_field1,Metadata_field1,AreaShape_Area,AreaShape_Center_X,AreaShape_Center_Y,AreaShape_Center_Z,AreaShape_Compactness,AreaShape_Eccentricity,AreaShape_EulerNumber,AreaShape_Extent,AreaShape_FormFactor,AreaShape_MajorAxisLength,AreaShape_MaxFeretDiameter,AreaShape_MaximumRadius,AreaShape_MeanRadius,AreaShape_MedianRadius,AreaShape_MinFeretDiameter,AreaShape_MinorAxisLength,AreaShape_Orientation,AreaShape_Perimeter,AreaShape_Solidity,Intensity_IntegratedIntensityEdge_OrigGray,Intensity_IntegratedIntensity_OrigGray,Intensity_LowerQuartileIntensity_OrigGray,Intensity_MADIntensity_OrigGray,Intensity_MassDisplacement_OrigGray,Intensity_MaxIntensityEdge_OrigGray,Intensity_MaxIntensity_OrigGray,Intensity_MeanIntensityEdge_OrigGray,Intensity_MeanIntensity_OrigGray,Intensity_MedianIntensity_OrigGray,Intensity_MinIntensityEdge_OrigGray,Intensity_MinIntensity_OrigGray,Intensity_StdIntensityEdge_OrigGray,Intensity_StdIntensity_OrigGray,Intensity_UpperQuartileIntensity_OrigGray,Location_CenterMassIntensity_X_OrigGray,Location_CenterMassIntensity_Y_OrigGray,Location_CenterMassIntensity_Z_OrigGray,Location_Center_X,Location_Center_Y,Location_Center_Z,Location_MaxIntensity_X_OrigGray,Location_MaxIntensity_Y_OrigGray,Location_MaxIntensity_Z_OrigGray,Number_Object_Number,TrackObjects_Displacement_50,TrackObjects_DistanceTraveled_50,TrackObjects_FinalAge_50,TrackObjects_IntegratedDistance_50,TrackObjects_Label_50,TrackObjects_Lifetime_50,TrackObjects_Linearity_50,TrackObjects_ParentImageNumber_50,TrackObjects_ParentObjectNumber_50,TrackObjects_TrajectoryX_50,TrackObjects_TrajectoryY_50
1,1,file:/data/jwd08/main/000/106/626/106626599/working/input/frame_000.png,0,0,frame_000.png,frame_000.png,3724,64.0,103.0,1.0,2.0246126237423847,0.8864145396415685,1.0,0.40368563685636855,0.3367299210498903,125.54439942031885,125.87692401707312,16.64331697709324,6.497081821847272,5.830951894845301,66.09301234419249,58.11353342836578,-73.98851250170765,372.79399999999885,0.6938053097345134,78.27058978378773,1578.8157265633345,0.24705882370471954,0.13333334028720856,8.859186043538392,0.7215686440467834,0.800000011920929,0.2617745477718653,0.4239569620202294,0.3607843220233917,0.14509804546833038,0.14509804546833038,0.13140287974324735,0.19743458288224502,0.6196078658103943,79.39652956025274,65.28474805667777,0.0,76.70032223415681,73.72368421052632,0,83.0,46.0,0.0,1,0.0,0.0,1.0,0.0,1,1,nan,0.0,0,0.0,0.0
1,2,file:/data/jwd08/main/000/106/626/106626599/working/input/frame_000.png,0,0,frame_000.png,frame_000.png,2384,92.0,118.0,1.0,1.9014925962674605,0.9478212018235732,1.0,0.4073820915926179,0.41288025244037463,102.22283448999897,102.6498904042279,14.560219778561036,6.03941763299757,5.656854249492381,36.238658459888896,32.588884830405775,-43.43204282959573,269.36799999999937,0.8286409454292666,54.4392167031765,1114.0784575045109,0.2862745225429535,0.15686273574829102,3.5435256567411737,0.6392157077789307,1.0,0.24633129729944117,0.4673147892216908,0.4156862795352936,0.14509804546833038,0.14509804546833038,0.10341617567388041,0.21293964514176952,0.6274510025978088,85.11751908790492,118.2891971067521,0.0,83.33892617449665,121.35402684563758,0,87.0,113.0,0.0,2,0.0,0.0,1.0,0.0,2,1,nan,0.0,0,0.0,0.0
1,3,file:/data/jwd08/main/000/106/626/106626599/working/input/frame_000.png,0,0,frame_000.png,frame_000.png,9864,223.0,102.0,1.0,1.0648412719497504,0.6232994752760594,1.0,0.6094908551655956,0.5243469266645032,128.6150952276624,135.6244815658294,45.221676218380054,16.044041038410214,14.017834423809099,107.73043970709939,100.57484694480863,22.377898980445735,486.20799999999826,0.8882085453153843,85.1686284840107,3725.8706948738545,0.26274511218070984,0.08627451956272125,6.168010483543616,0.23529411852359772,0.9019607901573181,0.20772836215612364,0.377724117485184,0.3333333432674408,0.1921568661928177,0.019607843831181526,0.007559799885843291,0.15046259958641375,0.4745098054409027,221.46329376684577,100.1558567122639,0.0,215.29724249797243,100.00040551500406,0,258.0,109.0,0.0,3,0.0,0.0,1.0,0.0,3,1,nan,0.0,0,0.0,0.0
2,1,file:/data/jwd08/main/000/106/626/106626599/working/input/frame_001.png,0,0,frame_001.png,frame_001.png,989,190.0,96.0,1.0,1.3562571394483625,0.8654424995344405,1.0,0.5766763848396501,0.6371069271979386,52.2360654446689,48.83646178829912,11.180339887498949,4.74844617179559,4.242640687119285,26.372646280539797,26.17070043551671,16.489634873916163,139.668,0.8547968885047535,33.14509889483452,337.4117723852396,0.27450981736183167,0.06666666269302368,2.0591573281070423,0.43921568989753723,0.5333333611488342,0.29074648153363614,0.34116458279599554,0.34117648005485535,0.18039216101169586,0.18039216101169586,0.07912810196516155,0.0851753692306341,0.40784314274787903,184.6283123697809,92.80194096009569,0.0,182.6299292214358,92.30535894843275,0,190.0,92.0,0.0,1,0.0,0.0,1.0,0.0,1,1,nan,0.0,0,0.0,0.0
2,2,file:/data/jwd08/main/000/106/626/106626599/working/input/frame_001.png,0,0,frame_001.png,frame_001.png,3615,88.0,114.0,1.0,1.17100366271902,0.7582108683543263,1.0,0.607563025210084,0.4462394886680586,86.86443757794726,96.21330469326995,23.706539182259394,8.356109637187844,7.211102550927978,57.402994465314315,56.6364312534504,-34.568035571762884,319.0619999999991,0.8523933034661635,54.07843254506588,1215.8510115146637,0.20392157137393951,0.07450981438159943,3.664737701271198,0.5254902243614197,0.8117647171020508,0.20719705955963938,0.3363349962696165,0.2666666805744171,0.16862745583057404,0.15294118225574493,0.07029627776127978,0.16463379848385035,0.4431372582912445,89.7494533418735,112.97050400609933,0.0,86.10539419087137,112.58174273858921,0,102.0,108.0,0.0,2,0.0,0.0,1.0,0.0,2,1,nan,0.0,0,0.0,0.0
2,3,file:/data/jwd08/main/000/106/626/106626599/working/input/frame_001.png,0,0,frame_001.png,frame_001.png,9024,242.0,105.0,1.0,1.1840165393410969,0.5752073340584393,1.0,0.5526025719534599,0.3340980598439238,127.45831405305417,141.42842712835352,35.77708763999664,11.682424621397425,10.0,103.36029963096296,104.26187652699468,14.359890066913156,582.5959999999977,0.7979838174824248,103.31372775137424,3308.5059712938964,0.24705882370471954,0.10196079313755035,5.562065966033748,0.43921568989753723,0.8784313797950745,0.21257968673122274,0.36663408369834843,0.34117648005485535,0.16078431904315948,0.0235294122248888,0.05844792962821913,0.14258557370680136,0.45490196347236633,227.6652301521446,96.36583065409006,0.0,222.33887411347519,97.96786347517731,0,265.0,109.0,0.0,3,0.0,0.0,1.0,0.0,3,1,nan,0.0,0,0.0,0.0
3,1,file:/data/jwd08/main/000/106/626/106626599/working/input/frame_002.png,0,0,frame_002.png,frame_002.png,2538,236.0,64.0,1.0,1.5786396797302873,0.9101536477481709,1.0,0.5720081135902637,0.5273851654460235,93.19904655912438,91.76055797563569,16.0,6.749746901484614,6.324555320336759,43.72377870571656,38.609648274468086,13.201598677956914,245.9159999999994,0.8261718749999998,51.58431487902999,1008.078458044678,0.30588236451148987,0.09019607305526733,2.4599358690242865,0.4627451002597809,0.6549019813537598,0.25040929552927177,0.39719403390255237,0.40784314274787903,0.0470588244497776,0.0470588244497776,0.08349879340206723,0.11885275583786949,0.4941176474094391,230.9280090960886,69.01140590171435,0.0,228.68242710795903,68.00709219858156,0,257.0,78.0,0.0,1,0.0,0.0,1.0,0.0,1,1,nan,0.0,0,0.0,0.0
3,2,file:/data/jwd08/main/000/106/626/106626599/working/input/frame_002.png,0,0,frame_002.png,frame_002.png,4696,209.0,110.0,1.0,1.1939676467301414,0.7886651221084208,1.0,0.5566619250829777,0.5461236453305789,101.64673147895537,110.01818031580054,28.284271247461902,10.25711845080797,9.0,67.53353449960785,62.49474870557195,5.777596520957496,328.7179999999991,0.859129162092938,63.917648636270314,1607.9020008523948,0.250980406999588,0.08627450466156006,4.399061769839185,0.41960784792900085,0.6784313917160034,0.23939194245794126,0.34239821142512666,0.3333333432674408,0.003921568859368563,0.003921568859368563,0.0710783483321477,0.10782326701272518,0.41960784792900085,205.8340475651779,103.1602380467244,0.0,201.72402044293014,104.72849233390119,0,212.0,95.0,0.0,2,0.0,0.0,1.0,0.0,2,1,nan,0.0,0,0.0,0.0
3,3,file:/data/jwd08/main/000/106/626/106626599/working/input/frame_002.png,0,0,frame_002.png,frame_002.png,3366,110.0,109.0,1.0,1.2817920575860307,0.8320799445233038,1.0,0.5054054054054054,0.2964157209349783,91.54620178320879,97.57561170702442,19.79898987322333,6.758499096573433,5.656854249492381,51.42956348249516,50.77662431423896,-35.8731015730932,377.7559999999988,0.8376259798432251,62.01960900425911,1130.235321931541,0.2078431397676468,0.0784313827753067,1.799921854310735,0.4431372582912445,1.0,0.19941996464391998,0.3357799530396735,0.2705882489681244,0.16470588743686676,0.11372549086809158,0.03956542680961315,0.15686621379734592,0.4313725531101227,99.83333682913754,113.15210783001766,0.0,98.0496137849079,112.91117052881759,0,92.0,125.0,0.0,3,0.0,0.0,1.0,0.0,3,1,nan,0.0,0,0.0,0.0
3,4,file:/data/jwd08/main/000/106/626/106626599/working/input/frame_002.png,0,0,frame_002.png,frame_002.png,2634,265.0,111.0,1.0,2.0991100387174693,0.9567415941335636,1.0,0.299761010583817,0.314779712472931,113.76176811994716,120.41594578792295,15.556349186104045,5.907021659611813,5.0,37.69539524757436,33.097739030462016,-43.86649870063298,324.2719999999989,0.7571141132509343,57.149020835757256,860.3098267167807,0.23529411852359772,0.0784313827753067,1.862885382565652,0.46666666865348816,0.615686297416687,0.22150783269673355,0.3266172462857937,0.3019607961177826,0.1725490242242813,0.1725490242242813,0.0584782089479668,0.11045197765782375,0.40392157435417175,262.4400649287956,113.14296717919923,0.0,261.4840546697039,114.74183750949126,0,274.0,101.0,0.0,4,0.0,0.0,1.0,0.0,4,1,nan,0.0,0,0.0,0.0
4,1,file:/data/jwd08/main/000/106/626/106626599/working/input/frame_003.png,0,0,frame_003.png,frame_003.png,3588,214.0,63.0,1.0,2.7786171958821426,0.7926067490206761,1.0,0.30976430976430974,0.18172232704218474,135.81220205629182,116.21101496846157,14.7648230602334,4.960961803447549,4.47213595499958,79.62273341535956,82.80920479726056,63.60594356972152,498.11199999999803,0.4890615416070334,94.89804136008024,1233.1921913400292,0.25882354378700256,0.07450979948043823,5.29251866022502,0.4000000059604645,0.6235294342041016,0.23431615150637097,0.34369904998328576,0.32549020648002625,0.03921568766236305,0.03921568766236305,0.06083507147168225,0.11257673760388169,0.4117647111415863,241.19683024172386,84.0899244705671,0.0,242.07329988851728,89.30936454849498,0,256.0,71.0,0.0,1,0.0,0.0,1.0,0.0,1,1,nan,0.0,0,0.0,0.0
4,2,file:/data/jwd08/main/000/106/626/106626599/working/input/frame_003.png,0,0,frame_003.png,frame_003.png,4938,217.0,106.0,1.0,1.194063657122009,0.7974711477932325,1.0,0.6149439601494396,0.5202135603187409,104.76636173271349,109.29318368498559,27.16615541441225,10.185826687649712,8.94427190999916,70.36270678304365,63.21152631008735,-3.681905416673108,345.373999999999,0.8533655923269681,69.05490374565125,1775.1294602453709,0.2666666805744171,0.08627450466156006,4.401049258930786,0.4000000059604645,0.7607843279838562,0.24487554519734483,0.35948348729148866,0.34117648005485535,0.05098039284348488,0.05098039284348488,0.07069384330498948,0.11630461205868578,0.4470588266849518,217.46874909172556,99.2648666518093,0.0,213.44268934791413,101.04252733900364,0,233.0,87.0,0.0,2,0.0,0.0,1.0,0.0,2,1,nan,0.0,0,0.0,0.0
4,3,file:/data/jwd08/main/000/106/626/106626599/working/input/frame_003.png,0,0,frame_003.png,frame_003.png,3261,105.0,117.0,1.0,1.5155335937443892,0.8439374178909803,1.0,0.4125237191650854,0.3856086593728952,98.72358763159855,101.53324578678651,19.4164878389476,7.1779846074111795,6.324555320336759,61.564091937944575,52.959443399105645,-51.360512834335616,325.99199999999917,0.769466729589429,53.85098125040531,1128.6510112732649,0.24313725531101227,0.07058824598789215,0.5781510183330838,0.30980393290519714,1.0,0.20244729793385455,0.34610579922516554,0.3019607961177826,0.1725490242242813,0.1725490242242813,0.01750546266386289,0.14524139700050204,0.40392157435417175,107.87140297243161,111.82056660248423,0.0,107.81662066850659,111.24501686599203,0,100.0,125.0,0.0,3,0.0,0.0,1.0,0.0,3,1,nan,0.0,0,0.0,0.0
5,1,file:/data/jwd08/main/000/106/626/106626599/working/input/frame_004.png,0,0,frame_004.png,frame_004.png,8329,228.0,90.0,1.0,1.0882359172493894,0.5872382116299179,1.0,0.5832633053221289,0.5318489705931788,117.8975561924281,139.0898989862312,41.78516483155236,14.328334109130399,12.36931687685298,94.6936866440125,95.42795144018262,0.479617537010045,443.6159999999986,0.8840418192432203,76.87058931589127,2975.5059596151114,0.250980406999588,0.09019607305526733,4.3273099897814005,0.24705882370471954,0.7921568751335144,0.20229102451550332,0.3572464833251424,0.34117648005485535,0.1764705926179886,0.01568627543747425,0.011799578266656438,0.12896260147052455,0.4313725531101227,230.0666869927484,91.38401118631711,0.0,226.10409412894705,93.12282386841157,0,257.0,74.0,0.0,1,0.0,0.0,1.0,0.0,1,1,nan,0.0,0,0.0,0.0
5,2,file:/data/jwd08/main/000/106/626/106626599/working/input/frame_004.png,0,0,frame_004.png,frame_004.png,3790,115.0,122.0,1.0,1.4197251381810465,0.7518690862250966,1.0,0.3989473684210526,0.3462141188664304,97.5920505699918,103.07764064044152,21.18962010041709,7.3843710560102425,6.324555320336759,76.83601695544405,64.3436517751144,-57.69482220165369,370.8959999999988,0.7277964474315889,59.956863701343536,1358.403955116868,0.23137255012989044,0.0784313827753067,0.18281501060197242,0.2705882489681244,1.0,0.20119752919913939,0.35841793010999157,0.29411765933036804,0.18039216101169586,0.18039216101169586,0.013217356561095735,0.1706174396862861,0.43529412150382996,118.00903309585512,113.53673139656952,0.0,117.8419525065963,113.46253298153034,0,119.0,111.0,0.0,2,0.0,0.0,1.0,0.0,2,1,nan,0.0,0,0.0,0.0
6,1,file:/data/jwd08/main/000/106/626/106626599/working/input/frame_005.png,0,0,frame_005.png,frame_005.png,7598,233.0,86.0,1.0,1.073321917239955,0.551851219331854,1.0,0.6894736842105263,0.6052006987226198,110.49887684905929,120.41594578792295,41.97618372363071,14.045709560182745,12.041594578792296,88.83316917515303,92.14971877686014,6.690410681375735,397.19599999999906,0.8731326131923693,73.71372646093369,2722.7647806480527,0.2549019753932953,0.08235295116901398,4.363934423842193,0.25882354378700256,0.8784313797950745,0.21182105304866,0.3583528271450451,0.3294117748737335,0.1921568661928177,0.03529411926865578,0.013089230142501674,0.12660242279621714,0.43529412150382996,235.5275375778558,88.3616061806121,0.0,231.27296657015003,89.33245590944985,0,262.0,76.0,0.0,1,0.0,0.0,1.0,0.0,1,1,nan,0.0,0,0.0,0.0
6,2,file:/data/jwd08/main/000/106/626/106626599/working/input/frame_005.png,0,0,frame_005.png,frame_005.png,3750,137.0,114.0,1.0,1.5954413698236554,0.6807094511041712,1.0,0.3676110185275953,0.21369947332723413,99.43099862593338,104.12012293500234,20.248456731316587,6.22420235586859,5.0990195135927845,86.01395235657992,72.83852692164,-65.32274101128925,469.58999999999867,0.6405329233922623,79.3764715641737,1309.0588554739952,0.22745098173618317,0.0627451092004776,1.352657343623504,0.24705882370471954,1.0,0.20724927301350834,0.34908236145973204,0.27843138575553894,0.14901961386203766,0.14901961386203766,0.009728819865370811,0.17213899367534705,0.40784314274787903,127.50647973251404,111.80240855487993,0.0,126.15546666666667,111.73573333333333,0,134.0,112.0,0.0,2,0.0,0.0,1.0,0.0,2,1,nan,0.0,0,0.0,0.0
7,1,file:/data/jwd08/main/000/106/626/106626599/working/input/frame_006.png,0,0,frame_006.png,frame_006.png,6680,250.0,87.0,1.0,1.1364756034319354,0.6706722661009903,1.0,0.6487956487956488,0.3911237802025985,111.49965196841424,122.54386969571347,30.870698080866262,10.99688814148232,9.848857801796104,86.34268251293454,82.70529142324875,-2.905764869904704,463.27199999999857,0.8275007742335089,90.02353020012379,2288.8824183065444,0.26274511218070984,0.05882352590560913,2.477314171448738,0.26274511218070984,0.6901960968971252,0.22848611725919743,0.34264706860876415,0.3137255012989044,0.20000000298023224,0.0235294122248888,0.009788080847679625,0.10418419468128026,0.4000000059604645,241.99785833466132,88.11617966039103,0.0,239.57874251497006,88.65,0,258.0,73.0,0.0,1,0.0,0.0,1.0,0.0,1,1,nan,0.0,0,0.0,0.0
7,2,file:/data/jwd08/main/000/106/626/106626599/working/input/frame_006.png,0,0,frame_006.png,frame_006.png,3614,151.0,113.0,1.0,1.5689509504108226,0.557529073032911,1.0,0.3962719298245614,0.21546268878558203,92.32739611471006,103.78824596263297,21.2602916254693,6.0503368690810895,5.0,84.78515311758959,76.64627243908383,-86.02969743179719,459.10599999999863,0.6129579375848033,88.64313827455044,1308.3882705420256,0.25882354378700256,0.06666666269302368,1.637244512967321,0.3294117748737335,1.0,0.2314442252599228,0.3620332790653087,0.3137255012989044,0.16470588743686676,0.16470588743686676,0.015679712360401225,0.14843339199131536,0.4117647111415863,140.55585827136528,108.90288305312815,0.0,139.16712783619258,109.77006087437742,0,148.0,106.0,0.0,2,0.0,0.0,1.0,0.0,2,1,nan,0.0,0,0.0,0.0
8,1,file:/data/jwd08/main/000/106/626/106626599/working/input/frame_007.png,0,0,frame_007.png,frame_007.png,4910,229.0,90.0,1.0,1.3262412296799304,0.8124464496841926,1.0,0.6143643643643644,0.25471884702557496,111.07921807773948,119.95415791042844,22.47220505424423,7.843257343692921,6.555664084966109,72.70364765378423,64.76316290093781,-15.138483160531743,492.1699999999986,0.7543980947991089,99.21568749845028,1627.9765161275864,0.2666666805744171,0.047058820724487305,1.151602825248027,0.3019607961177826,0.729411780834198,0.24081477548167543,0.3315634452398343,0.30588236451148987,0.21568627655506134,0.21568627655506134,0.010598836434729721,0.0851300540579198,0.3803921639919281,245.94498881463971,85.17432206238834,0.0,245.3366598778004,86.15213849287169,0,262.0,66.0,0.0,1,0.0,0.0,1.0,0.0,1,1,nan,0.0,0,0.0,0.0
8,2,file:/data/jwd08/main/000/106/626/106626599/working/input/frame_007.png,0,0,frame_007.png,frame_007.png,3313,162.0,114.0,1.0,1.5882247270417644,0.6560138412180957,1.0,0.3632675438596491,0.2083926144787273,92.26755005159687,103.78824596263297,20.518284528683193,6.316924789444575,5.0,88.58255771204828,69.6388281222413,58.46202558981391,446.96599999999864,0.5667122819021552,90.23921699821949,1189.0823868904263,0.2666666805744171,0.0627450942993164,1.967054729236681,0.34117648005485535,0.9254902005195618,0.24388977567086348,0.3589140920285017,0.32156863808631897,0.2235294133424759,0.01568627543747425,0.01496955382149685,0.12918037242234062,0.40392157435417175,149.82169475894457,104.51544775335545,0.0,148.10292785994568,105.47207968608512,0,159.0,103.0,0.0,2,0.0,0.0,1.0,0.0,2,1,nan,0.0,0,0.0,0.0
9,1,file:/data/jwd08/main/000/106/626/106626599/working/input/frame_008.png,0,0,frame_008.png,frame_008.png,4437,235.0,86.0,1.0,1.266539893694135,0.852800215119284,1.0,0.6009752133279155,0.505894261774333,105.88511843798027,108.63240768757728,26.92582403567252,9.83248495991657,8.94427190999916,55.0236312869298,55.29715791527011,-21.637510852072168,331.98599999999925,0.884833981453784,65.76470649242401,1470.478472173214,0.27450981736183167,0.047058820724487305,0.8528239123085496,0.3176470696926117,0.6509804129600525,0.2348739517586572,0.3314127726331336,0.32156863808631897,0.21176470816135406,0.21176470816135406,0.016503214182511276,0.07596694860276136,0.3686274588108063,245.6287722550427,81.75631781433032,0.0,244.77597475771918,81.74960558936218,0,262.0,68.0,0.0,1,0.0,0.0,1.0,0.0,1,1,nan,0.0,0,0.0,0.0
9,2,file:/data/jwd08/main/000/106/626/106626599/working/input/frame_008.png,0,0,frame_008.png,frame_008.png,3609,170.0,109.0,1.0,1.9023312738617661,0.9138280789635068,1.0,0.3197767145135566,0.31214711244222054,122.31481308566526,126.56223765404908,21.095023109728988,7.110476660181724,5.830951894845301,58.64589858757258,49.672201024598564,40.49039033018612,381.169999999999,0.7193541957345027,73.38823610544205,1280.0784678645432,0.2666666805744171,0.0627450942993164,2.4426615064541424,0.3176470696926117,0.8352941274642944,0.23673624550142597,0.354690625620544,0.32156863808631897,0.21176470816135406,0.0313725508749485,0.01833716967317364,0.11990335045966875,0.3960784375667572,156.52570610727545,98.49905640380454,0.0,154.37600443336103,97.33915211970074,0,171.0,100.0,0.0,2,0.0,0.0,1.0,0.0,2,1,nan,0.0,0,0.0,0.0
10,1,file:/data/jwd08/main/000/106/626/106626599/working/input/frame_009.png,0,0,frame_009.png,frame_009.png,2766,84.0,46.0,1.0,2.0255473195283176,0.9551525494717973,1.0,0.37911184210526316,0.4254777069605924,114.35601854377387,115.80155439371269,16.278820596099706,6.285282459764745,5.830951894845301,36.15483942424726,33.86243858972792,36.390451665314636,285.81999999999925,0.8571428571428573,51.031373366713524,776.7098306566477,0.25294119119644165,0.027450978755950928,1.431937014420377,0.29019609093666077,0.3960784375667572,0.22284442518215514,0.28080615714267815,0.2862745225429535,0.125490203499794,0.125490203499794,0.03298067584673828,0.04539658452754699,0.3137255012989044,91.81947477578125,46.42676750260504,0.0,90.53073029645698,45.802603036876356,0,125.0,72.0,0.0,1,0.0,0.0,1.0,0.0,1,1,nan,0.0,0,0.0,0.0
10,2,file:/data/jwd08/main/000/106/626/106626599/working/input/frame_009.png,0,0,frame_009.png,frame_009.png,4166,251.0,83.0,1.0,1.3846586225218669,0.8911425540412908,1.0,0.5477975016436555,0.46518076896272936,110.20876285322409,120.8056290079233,25.0,9.105039581585272,8.06225774829855,54.56005865099487,50.00429758761569,-22.293379995289445,335.4699999999993,0.8490777539997963,67.69019678235054,1288.5294517427683,0.2705882489681244,0.03529411554336548,0.22892170489817268,0.27450981736183167,0.545098066329956,0.2350354054942727,0.3092965558672031,0.3019607961177826,0.20392157137393951,0.20392157137393951,0.010553449825652617,0.053454111981425884,0.34117648005485535,248.28201782998732,80.83506657612175,0.0,248.47839654344696,80.95271243398943,0,262.0,67.0,0.0,2,0.0,0.0,1.0,0.0,2,1,nan,0.0,0,0.0,0.0
10,3,file:/data/jwd08/main/000/106/626/106626599/working/input/frame_009.png,0,0,frame_009.png,frame_009.png,2300,181.0,113.0,1.0,1.455138152495314,0.6591494371735795,1.0,0.48472075869336145,0.24004837799714138,73.70488972882589,78.29431652425353,18.601075237738275,5.667772917802898,4.47213595499958,63.088108498846786,55.42696012976467,41.91646937866736,346.99199999999905,0.6497175141242938,67.10196197032928,809.3176691681147,0.2549019753932953,0.07058824598789215,1.0768713886383605,0.35686275362968445,0.7529411911964417,0.2354454805976466,0.3518772474643977,0.3137255012989044,0.10980392247438431,0.10980392247438431,0.031778062310276765,0.12749346354774083,0.42352941632270813,172.63895511793618,107.06214872632606,0.0,171.65608695652173,107.50217391304348,0,181.0,102.0,0.0,3,0.0,0.0,1.0,0.0,3,1,nan,0.0,0,0.0,0.0
11,1,file:/data/jwd08/main/000/106/626/106626599/working/input/frame_010.png,0,0,frame_010.png,frame_010.png,3868,253.0,81.0,1.0,1.288494417523103,0.84353567513266,1.0,0.5219973009446693,0.29334264614978967,99.11307409363224,114.75626344561765,24.758836806279895,8.352883692423154,7.0710678118654755,56.588191589163614,53.23097057078942,-22.551123822021612,407.06199999999893,0.8069260456868677,78.40000094473362,1290.3451295793056,0.2666666805744171,0.0627450942993164,0.6614652874964659,0.2862745225429535,0.5960784554481506,0.22991202623089038,0.33359491457582874,0.32156863808631897,0.20000000298023224,0.20000000298023224,0.014292804875514013,0.08020657657034086,0.3921568691730499,249.61841489458442,79.08399335852299,0.0,250.2768872802482,79.14684591520165,0,262.0,73.0,0.0,1,0.0,0.0,1.0,0.0,1,1,nan,0.0,0,0.0,0.0
11,2,file:/data/jwd08/main/000/106/626/106626599/working/input/frame_010.png,0,0,frame_010.png,frame_010.png,989,155.0,112.0,1.0,1.204618306948042,0.756498239158356,1.0,0.671875,0.49994132657112955,46.09183063587,47.4236228055175,12.36931687685298,4.689297571297185,4.123105625617661,31.0,30.143860398795812,-6.737704977484304,157.66799999999995,0.8489270386266095,29.215686798095703,319.15687085688114,0.2549019753932953,0.05882352590560913,0.6387575549757618,0.2980392277240753,0.572549045085907,0.23004477793776143,0.3227066439402236,0.3019607961177826,0.19607843458652496,0.19607843458652496,0.021367519159886557,0.08679380305787923,0.38823530077934265,158.16512870956245,109.05535419233408,0.0,157.79271991911023,109.57431749241658,0,158.0,104.0,0.0,2,0.0,0.0,1.0,0.0,2,1,nan,0.0,0,0.0,0.0
11,3,file:/data/jwd08/main/000/106/626/106626599/working/input/frame_010.png,0,0,frame_010.png,frame_010.png,2269,196.0,112.0,1.0,1.6541030959799692,0.5393587613681701,1.0,0.39996474528468184,0.26294576100318007,74.69550921453137,95.88013350011565,15.652475842498529,5.426745693696935,4.242640687119285,55.208801514848,62.899301682888016,23.00863877002504,329.2979999999991,0.5863806693371236,66.27451112866402,783.8470829576254,0.25882354378700256,0.058823540806770325,0.8885716604262784,0.3137255012989044,0.6549019813537598,0.23585235277104633,0.3454592697036692,0.30588236451148987,0.20000000298023224,0.20000000298023224,0.019612460641152036,0.11332108480077921,0.40784314274787903,187.9968781804744,110.43310269358716,0.0,187.75539885412076,111.28823270163068,0,193.0,106.0,0.0,3,0.0,0.0,1.0,0.0,3,1,nan,0.0,0,0.0,0.0
11,4,file:/data/jwd08/main/000/106/626/106626599/working/input/frame_010.png,0,0,frame_010.png,frame_010.png,1109,205.0,149.0,1.0,1.4528420861137352,0.8811376926178592,1.0,0.475557461406518,0.5387078217422263,57.87588996625114,58.137767414994535,12.206555615733702,4.816239396144774,4.242640687119285,27.611142400091115,27.36718029727014,-33.02734852651454,160.83999999999997,0.8777206173328057,31.223529890179634,370.3764789700508,0.26274511218070984,0.06666666269302368,0.8045307031631568,0.29019609093666077,0.5411764979362488,0.2330114170908928,0.3339733804959881,0.32156863808631897,0.1921568661928177,0.1921568661928177,0.019450932526605947,0.08257495061491583,0.40392157435417175,199.24694534769824,151.69473558031078,0.0,199.40216411181245,150.9053201082056,0,184.0,163.0,0.0,4,0.0,0.0,1.0,0.0,4,1,nan,0.0,0,0.0,0.0
12,1,file:/data/jwd08/main/000/106/626/106626599/working/input/frame_011.png,0,0,frame_011.png,frame_011.png,4422,84.0,43.0,1.0,1.561428853849934,0.9141259731627589,1.0,0.5135292068284752,0.45524736204268174,122.69116350800388,125.80143083447024,23.430749027719962,8.401659729234167,7.615773105863909,55.00727224649483,49.74271175298645,22.977945717397336,349.3739999999988,0.8437321121923299,76.49019855260849,1715.9765214249492,0.3019607961177826,0.07450979948043823,1.7653053239308738,0.48627451062202454,0.6352941393852234,0.264671967310064,0.38805439200021463,0.364705890417099,0.09803921729326248,0.09803921729326248,0.054457325864580595,0.10964501315292867,0.46666666865348816,86.24483853019868,46.317137184901064,0.0,84.8218000904568,45.27250113071008,0,95.0,49.0,0.0,1,0.0,0.0,1.0,0.0,1,1,nan,0.0,0,0.0,0.0
12,2,file:/data/jwd08/main/000/106/626/106626599/working/input/frame_011.png,0,0,frame_011.png,frame_011.png,2541,259.0,77.0,1.0,1.3910782754569249,0.8681390662600383,1.0,0.4761994002998501,0.4426832222896407,84.88435373171332,95.2102935611481,19.1049731745428,7.026192748971666,6.082762530298219,46.39551482223727,42.129889602467,-28.531384504019584,268.5719999999995,0.7876627402355859,56.866668462753296,852.3059056401253,0.27450981736183167,0.05098038911819458,0.45738683621343373,0.3019607961177826,0.5215686559677124,0.252740748723348,0.33542145046836885,0.3176470696926117,0.22745098173618317,0.22745098173618317,0.01276412562463825,0.06931607495523175,0.3960784375667572,251.74395647275003,77.53507899430065,0.0,252.19598583234946,77.60487996851633,0,262.0,73.0,0.0,2,0.0,0.0,1.0,0.0,2,1,nan,0.0,0,0.0,0.0
12,3,file:/data/jwd08/main/000/106/626/106626599/working/input/frame_011.png,0,0,frame_011.png,frame_011.png,2243,175.0,118.0,1.0,1.4420084760637544,0.8778549303310339,1.0,0.5228438228438228,0.49638678715775864,81.76124453014839,78.85429601486528,15.0,6.322417874390461,5.830951894845301,41.672969764315525,39.15763768047696,-21.750466253730142,238.29199999999955,0.8120926864590877,53.60392366349697,832.349043905735,0.29019609093666077,0.06666666269302368,0.4614012823083675,0.3960784375667572,0.6509804129600525,0.26536595873018304,0.37108740254379624,0.3529411852359772,0.22745098173618317,0.2235294133424759,0.026852020423656496,0.09656217695607142,0.4284313768148422,187.7809836974033,110.58739968584497,0.0,187.3883192153366,110.82969237628177,0,196.0,109.0,0.0,3,0.0,0.0,1.0,0.0,3,1,nan,0.0,0,0.0,0.0
12,4,file:/data/jwd08/main/000/106/626/106626599/working/input/frame_011.png,0,0,frame_011.png,frame_011.png,1230,213.0,145.0,1.0,1.3311113646439579,0.7875856260085429,1.0,0.4834905660377358,0.5459893606369759,54.945158319274164,60.53924347066124,13.92838827718412,5.092322704539216,4.47213595499958,33.898118914960136,33.85749375122896,-52.0185054159532,168.2539999999999,0.8308004052684905,37.24313887953758,465.3215822279453,0.30588236451148987,0.06666666269302368,1.0857021853717215,0.3333333432674408,0.6627451181411743,0.26413573673430907,0.3783102294536141,0.3607843220233917,0.239215686917305,0.239215686917305,0.018418290169525006,0.09144953164645875,0.4431372582912445,208.5782718362697,145.61134190477188,0.0,208.8560975609756,144.56178861788618,0,213.0,152.0,0.0,4,0.0,0.0,1.0,0.0,4,1,nan,0.0,0,0.0,0.0
13,1,file:/data/jwd08/main/000/106/626/106626599/working/input/frame_012.png,0,0,frame_012.png,frame_012.png,2426,264.0,70.0,1.0,1.4149514764549536,0.8771332584881846,1.0,0.4543071161048689,0.3833942245873892,84.18291543350371,88.95504482602435,18.384776310850235,6.595305669536478,5.656854249492381,38.787728640969966,40.428598359198375,-24.82949600440658,281.9859999999995,0.8029124606983287,60.18431583046913,837.5882590860128,0.27843138575553894,0.05882352590560913,0.983630692039873,0.3294117748737335,0.5411764979362488,0.26053816376826466,0.3452548471088264,0.3333333432674408,0.23137255012989044,0.23137255012989044,0.021415436288640437,0.0764518759856064,0.3960784375667572,253.7874570461512,75.03377110244399,0.0,254.77081615828524,75.05688375927453,0,250.0,79.0,0.0,1,0.0,0.0,1.0,0.0,1,1,nan,0.0,0,0.0,0.0
13,2,file:/data/jwd08/main/000/106/626/106626599/working/input/frame_012.png,0,0,frame_012.png,frame_012.png,2511,202.0,116.0,1.0,1.3596542300952004,0.8384016836308764,1.0,0.5126582278481012,0.42752392381960114,81.77829984314897,88.23831367382311,17.804493814764857,6.842749689258235,6.0,46.90825967745906,44.573495967188975,-28.81266130278791,271.67399999999935,0.7393992932862191,66.78823766112328,1049.003951266408,0.32156863808631897,0.07450979948043823,0.5366202364435445,0.5333333611488342,0.7686274647712708,0.2916516928433331,0.4177634214521736,0.38823530077934265,0.239215686917305,0.239215686917305,0.059813263747282276,0.1256520675885619,0.4941176474094391,198.0771189081965,113.44091500514871,0.0,197.7427319792911,113.86061330147352,0,201.0,111.0,0.0,2,0.0,0.0,1.0,0.0,2,1,nan,0.0,0,0.0,0.0
13,3,file:/data/jwd08/main/000/106/626/106626599/working/input/frame_012.png,0,0,frame_012.png,frame_012.png,1146,224.0,139.0,1.0,1.3394439048144948,0.8805446785341815,1.0,0.5190217391304348,0.5969216752774597,56.469413212464126,57.28001396647874,13.92838827718412,5.326869666174385,5.0,27.735009811261456,26.76442105700092,-37.85019606229284,155.32399999999996,0.9271844660194175,33.16862861812115,464.0078558474779,0.30588236451148987,0.08627450466156006,0.31544806831885724,0.4000000059604645,0.7333333492279053,0.2696636473017979,0.404893416969876,0.3960784375667572,0.23529411852359772,0.23529411852359772,0.03971019759745882,0.11153713400871346,0.48235294222831726,219.65453590043649,141.7272612422658,0.0,219.39267015706807,141.90314136125656,0,223.0,142.0,0.0,3,0.0,0.0,1.0,0.0,3,1,nan,0.0,0,0.0,0.0
14,1,file:/data/jwd08/main/000/106/626/106626599/working/input/frame_013.png,0,0,frame_013.png,frame_013.png,2321,117.0,59.0,1.0,1.6991575894826516,0.9221476031379399,1.0,0.3837632275132275,0.4017426779758405,93.34459241042313,95.2102935611481,16.1245154965971,6.06642060905874,5.0,39.323132184913945,36.109254716791746,52.51589960820162,269.4439999999992,0.7855813166356406,67.55686482787132,1046.1647415608168,0.33725491166114807,0.10588234663009644,0.6056719603811183,0.6078431606292725,0.6705882549285889,0.32954568208717716,0.4507387942959142,0.46666666865348816,0.21960784494876862,0.21960784494876862,0.12154078908480154,0.1222961795917492,0.5568627715110779,121.84565094948577,63.994587118746345,0.0,122.28953037483844,63.58250753985351,0,135.0,89.0,0.0,1,0.0,0.0,1.0,0.0,1,1,nan,0.0,0,0.0,0.0
14,2,file:/data/jwd08/main/000/106/626/106626599/working/input/frame_013.png,0,0,frame_013.png,frame_013.png,2188,253.0,77.0,1.0,1.6277246882315928,0.868147617548986,1.0,0.3508096841430175,0.22526355530952327,85.20479869647525,98.73196037757987,13.416407864998739,4.863185030940326,4.242640687119285,45.271086272555806,42.28765870251076,-31.574069179411172,349.36799999999926,0.6398596286006727,77.75294324755669,737.9882572591305,0.27450981736183167,0.05098038911819458,1.5393449639818704,0.4000000059604645,0.6196078658103943,0.2662772029025914,0.33728896584055323,0.3137255012989044,0.21960784494876862,0.21960784494876862,0.03865849309916273,0.08135925023373211,0.38823530077934265,260.36347364219336,73.1188339467686,0.0,261.8441499085923,73.53976234003656,0,262.0,67.0,0.0,2,0.0,0.0,1.0,0.0,2,1,nan,0.0,0,0.0,0.0
14,3,file:/data/jwd08/main/000/106/626/106626599/working/input/frame_013.png,0,0,frame_013.png,frame_013.png,2598,215.0,109.0,1.0,1.6115852437036817,0.9261356207118131,1.0,0.45675105485232065,0.5034877835697217,96.48505550770213,99.6393496566492,17.69180601295413,6.936926988189919,6.324555320336759,38.7659407874698,36.39326407663458,-43.99178198021486,254.6419999999994,0.9053842132775745,64.36862927675247,1172.0549343526363,0.33725491166114807,0.09803920984268188,0.9952975152513411,0.6117647290229797,0.8666666746139526,0.31246907415899255,0.4511373881264959,0.4156862795352936,0.23137255012989044,0.23137255012989044,0.08267903087644607,0.1421519836643718,0.5568627715110779,207.45582415816858,112.06516795600318,0.0,207.02078521939953,112.96035411855273,0,212.0,107.0,0.0,3,0.0,0.0,1.0,0.0,3,1,nan,0.0,0,0.0,0.0
14,4,file:/data/jwd08/main/000/106/626/106626599/working/input/frame_013.png,0,0,frame_013.png,frame_013.png,1475,228.0,139.0,1.0,1.3543614963267057,0.8795391378197873,1.0,0.5670895809304114,0.644650514265486,64.35767064053873,65.19202405202648,14.142135623730951,5.864073966730121,5.385164807134504,29.859123496126877,30.623088343528963,-45.288652155270725,169.56599999999992,0.9303058971933142,37.56078554689884,566.0509960055351,0.30588236451148987,0.07058823108673096,0.07992310221702292,0.3921568691730499,0.6666666865348816,0.2682913253349917,0.3837633871223967,0.364705890417099,0.239215686917305,0.239215686917305,0.03588055024065015,0.0974673647687469,0.45098039507865906,230.7353664566619,134.7737056994018,0.0,230.65559322033897,134.76881355932204,0,237.0,134.0,0.0,4,0.0,0.0,1.0,0.0,4,1,nan,0.0,0,0.0,0.0
15,1,file:/data/jwd08/main/000/106/626/106626599/working/input/frame_014.png,0,0,frame_014.png,frame_014.png,2611,94.0,42.0,1.0,1.9696158289734997,0.9540516730467927,1.0,0.3685770750988142,0.43322505379570503,109.46022501888962,109.40292500660117,15.556349186104045,6.294925094014469,5.656854249492381,33.01136948785854,32.79889480793718,36.93189921683775,275.2019999999992,0.8797169811320753,61.27451139688492,1145.0941545814276,0.33725491166114807,0.08235296607017517,0.4412967443469326,0.5137255191802979,0.6509804129600525,0.2890307141362496,0.43856535985500866,0.4588235318660736,0.22745098173618317,0.22745098173618317,0.08033948216851694,0.11240927887708282,0.5215686559677124,113.25987757687386,54.79735886719654,0.0,113.39256989659134,54.37648410570662,0,124.0,63.0,0.0,1,0.0,0.0,1.0,0.0,1,1,nan,0.0,0,0.0,0.0
15,2,file:/data/jwd08/main/000/106/626/106626599/working/input/frame_014.png,0,0,frame_014.png,frame_014.png,6025,234.0,117.0,1.0,1.4762749329030618,0.8823839830931934,1.0,0.4504672897196262,0.3626871788764382,135.95085070801818,153.8083222715858,31.953090617340916,10.225045738100704,8.54400374531753,74.94718050581898,63.968957464714,-49.31068463163812,456.89599999999854,0.8031726987935747,98.10196271538734,2633.9647782444954,0.30980393290519714,0.10588237643241882,2.2585776565909335,0.6352941393852234,1.0,0.26090947530688124,0.43717257730199094,0.4117647111415863,0.21568627655506134,0.21568627655506134,0.06492851452009488,0.15230885517490145,0.529411792755127,236.77203231907163,105.02181755030622,0.0,238.8607468879668,104.16248962655601,0,224.0,104.0,0.0,2,0.0,0.0,1.0,0.0,2,1,nan,0.0,0,0.0,0.0
16,1,file:/data/jwd08/main/000/106/626/106626599/working/input/frame_015.png,0,0,frame_015.png,frame_015.png,5647,244.0,114.0,1.0,1.4762903636471447,0.867460054471111,1.0,0.442139054181021,0.3608075834012862,130.23737065960282,154.20116731075677,27.85677655436824,9.334162217266856,8.06225774829855,71.45081077675562,64.79398247155723,-50.9105823934292,443.48199999999855,0.7492370969881915,98.18431550264359,2516.0392835885286,0.3019607961177826,0.11372548341751099,2.492651954642144,0.6470588445663452,0.9647058844566345,0.26464775068098,0.44555326431530523,0.3921568691730499,0.2235294133424759,0.2235294133424759,0.07320595392124929,0.17400063097954546,0.5647059082984924,245.7992612152157,102.44064900291582,0.0,248.1457411014698,101.59961041260847,0,260.0,68.0,0.0,1,0.0,0.0,1.0,0.0,1,1,nan,0.0,0,0.0,0.0
17,1,file:/data/jwd08/main/000/106/626/106626599/working/input/frame_016.png,0,0,frame_016.png,frame_016.png,823,145.0,72.0,1.0,1.4306443426840674,0.9006081449200076,1.0,0.489007724301842,0.6034816283557501,50.20739623002538,50.48762224545735,9.848857801796104,4.343207169703179,4.123105625617661,19.892277463948233,21.821740684751422,22.202313428530672,130.91000000000005,0.9278466741826382,28.8784319460392,324.60392865538597,0.3166666775941849,0.06666666269302368,0.4102614685011988,0.4627451002597809,0.5529412031173706,0.28037312568970096,0.3944154661669331,0.4156862795352936,0.20000000298023224,0.20000000298023224,0.0714332194980327,0.09082719888334213,0.46666666865348816,147.9810810018943,73.34373111830601,0.0,148.39125151883354,73.35236938031592,0,143.0,73.0,0.0,1,0.0,0.0,1.0,0.0,1,1,nan,0.0,0,0.0,0.0
17,2,file:/data/jwd08/main/000/106/626/106626599/working/input/frame_016.png,0,0,frame_016.png,frame_016.png,5197,172.0,117.0,1.0,1.260997516560229,0.8169110008557251,1.0,0.513943829113924,0.44401755011801625,111.73633493587235,127.1927670899568,29.68164415931166,9.95233350515628,8.94427190999916,75.67499904862754,64.44546690634883,6.313953968267744,383.5139999999988,0.7867090523766275,127.5019628405571,3213.6157364547253,0.3686274588108063,0.24313727021217346,1.545902496378915,1.0,1.0,0.40348722417897814,0.6183597722637532,0.5921568870544434,0.21568627655506134,0.21568627655506134,0.24452672444474724,0.26604531562115136,0.8941176533699036,167.4716342273811,115.24133096486443,0.0,167.20781219934577,113.71810659996152,0,189.0,114.0,0.0,2,0.0,0.0,1.0,0.0,2,1,nan,0.0,0,0.0,0.0
17,3,file:/data/jwd08/main/000/106/626/106626599/working/input/frame_016.png,0,0,frame_016.png,frame_016.png,7817,58.0,140.0,1.0,1.4686894136090234,0.8832713875506645,1.0,0.5237871884213348,0.3392456650582085,154.53954527610156,163.19620093617377,30.610455730027933,10.471195003323265,9.219544457292887,89.99798394076426,72.45773360819456,10.148484991468665,538.1059999999983,0.7626713498219425,149.66274698078632,4071.1765416115522,0.32549020648002625,0.1294117569923401,8.479119539047026,1.0,1.0,0.3296536277109831,0.5208106104146798,0.4274509847164154,0.21568627655506134,0.21568627655506134,0.20676421871855688,0.25378091212893567,0.658823549747467,85.63280914341092,140.49840292986752,0.0,77.208264039913,139.53793015223232,0,141.0,129.0,0.0,3,0.0,0.0,1.0,0.0,3,1,nan,0.0,0,0.0,0.0
18,1,file:/data/jwd08/main/000/106/626/106626599/working/input/frame_017.png,0,0,frame_017.png,frame_017.png,1116,93.0,46.0,1.0,2.0000234764047624,0.9605178717515308,1.0,0.4164179104477612,0.48262377067804046,72.56345243012005,68.15423684555495,9.219544457292887,4.337975179107083,4.123105625617661,18.72890558514002,20.1884798022752,23.640422676434657,170.4639999999998,0.9327204346009194,36.831373423337936,423.2078501880169,0.3294117748737335,0.05098038911819458,0.48581999417275284,0.41960784792900085,0.501960813999176,0.2688421417761893,0.37921850375270333,0.3921568691730499,0.21960784494876862,0.21960784494876862,0.04992223622917529,0.0716454374229574,0.4313725531101227,93.77795174249746,46.22175168894598,0.0,93.36111111111111,45.97222222222222,0,103.0,52.0,0.0,1,0.0,0.0,1.0,0.0,1,1,nan,0.0,0,0.0,0.0
18,2,file:/data/jwd08/main/000/106/626/106626599/working/input/frame_017.png,0,0,frame_017.png,frame_017.png,941,136.0,67.0,1.0,2.1167689609642815,0.9638500447732814,1.0,0.45947265625,0.474641101240929,68.75924392914615,64.32728814430156,9.0,3.9522581000069614,3.605551275463989,17.896828926460778,18.320576511769314,17.179145719055523,157.83999999999986,0.8974725798760134,33.55294190347195,354.9725565612316,0.3019607961177826,0.0725490152835846,0.7428026215436896,0.3921568691730499,0.545098066329956,0.25612932750741946,0.37722907179727055,0.386274516582489,0.20392157137393951,0.20392157137393951,0.04344526784019116,0.08827617740596119,0.45098039507865906,148.3578404328357,70.59451158864414,0.0,149.09776833156218,70.52922422954303,0,141.0,70.0,0.0,2,0.0,0.0,1.0,0.0,2,1,nan,0.0,0,0.0,0.0
18,3,file:/data/jwd08/main/000/106/626/106626599/working/input/frame_017.png,0,0,frame_017.png,frame_017.png,4863,264.0,108.0,1.0,1.4205847602070159,0.8062245498452966,1.0,0.4817713493164256,0.3004449452023755,113.97993998224317,128.70120434556935,24.73863375370596,8.157033555596316,7.0710678118654755,76.92845706319898,67.43163213535674,-53.02027305697488,450.9979999999987,0.7079117839726327,103.13725654780865,2014.9177009761333,0.29411765933036804,0.09411764144897461,3.1058314067274235,0.7058823704719543,0.8392156958580017,0.27284988504711283,0.4143363563594763,0.3843137323856354,0.20392157137393951,0.20392157137393951,0.0987471681185136,0.14591707828186254,0.4901960790157318,263.262847348562,101.36397151548051,0.0,266.06251285214887,100.01932963191446,0,235.0,118.0,0.0,3,0.0,0.0,1.0,0.0,3,1,nan,0.0,0,0.0,0.0
18,4,file:/data/jwd08/main/000/106/626/106626599/working/input/frame_017.png,0,0,frame_017.png,frame_017.png,13007,163.0,120.0,1.0,1.7202569218809949,0.9253441045548653,1.0,0.5840068247126436,0.2850597956219235,222.75539948466786,239.70189819857498,33.83784863137726,12.581451917119939,11.313708498984761,94.13478237869768,84.45288188740724,-10.095114575718314,757.2259999999973,0.766267047630269,175.15686543285847,7194.945222839713,0.33725491166114807,0.18039214611053467,9.213098894118776,0.7098039388656616,1.0,0.2715610316788503,0.5531594697347362,0.48235294222831726,0.21568627655506134,0.06666667014360428,0.0885354148731244,0.2538237407022208,0.772549033164978,133.9360225559188,128.2221063834756,0.0,124.7299915430153,128.5829168909049,0,180.0,121.0,0.0,4,0.0,0.0,1.0,0.0,4,1,nan,0.0,0,0.0,0.0
19,1,file:/data/jwd08/main/000/106/626/106626599/working/input/frame_018.png,0,0,frame_018.png,frame_018.png,952,81.0,42.0,1.0,2.1794459358320464,0.966743407420389,1.0,0.38984438984438985,0.44904454223148643,70.35714449984944,67.72001181334805,8.94427190999916,3.884112643746585,3.605551275463989,17.91520090851602,17.99371889598495,22.70270281157282,163.2219999999998,0.9010884997633696,35.20784439146519,337.415693923831,0.30980393290519714,0.047058820724487305,0.104537035430291,0.33725491166114807,0.4745098054409027,0.26472063452229466,0.35442824991999056,0.3490196168422699,0.22745098173618317,0.22745098173618317,0.026148519032340018,0.0631293443222197,0.40392157435417175,85.50466636420704,43.90886902675185,0.0,85.40651260504201,43.872899159663866,0,92.0,47.0,0.0,1,0.0,0.0,1.0,0.0,1,1,nan,0.0,0,0.0,0.0
19,2,file:/data/jwd08/main/000/106/626/106626599/working/input/frame_018.png,0,0,frame_018.png,frame_018.png,1273,130.0,65.0,1.0,2.211672648899355,0.9197825567401507,1.0,0.43506493506493504,0.23856852504853387,78.73852854710587,77.6659513557904,8.246211251235321,3.367486360107243,3.0,33.55343508336977,30.899234694833265,6.582303118948345,258.9479999999995,0.6842246707874227,56.61176645755768,423.60785433650017,0.2823529541492462,0.047058820724487305,0.4817289409138911,0.32549020648002625,0.47058823704719543,0.25732621117071675,0.33276343624234106,0.32549020648002625,0.21960784494876862,0.21960784494876862,0.022452992145259126,0.0635054446685427,0.37254902720451355,145.39209406108625,71.36295133993556,0.0,145.53417124901807,71.82325216025137,0,141.0,69.0,0.0,2,0.0,0.0,1.0,0.0,2,1,nan,0.0,0,0.0,0.0
19,3,file:/data/jwd08/main/000/106/626/106626599/working/input/frame_018.png,0,0,frame_018.png,frame_018.png,14225,181.0,117.0,1.0,2.2557779155956754,0.9636456863307474,1.0,0.4732517133541819,0.23901145996040873,275.58855445815516,280.1892217769984,33.37663853655727,11.799954016068154,10.44030650891055,81.27311175660206,73.63269831724224,-14.05205328617489,864.8119999999973,0.7510559662090812,200.27059353888035,7995.81975877285,0.33725491166114807,0.19411765038967133,2.814380565060903,0.545098066329956,1.0,0.26881958864279243,0.5620962923566151,0.5000000149011612,0.20000000298023224,0.08627451211214066,0.06974929397211928,0.25292650688344237,0.772549033164978,181.83152324315716,121.7942738844896,0.0,184.60871704745168,121.33827768014059,0,153.0,138.0,0.0,3,0.0,0.0,1.0,0.0,3,1,nan,0.0,0,0.0,0.0
20,1,file:/data/jwd08/main/000/106/626/106626599/working/input/frame_019.png,0,0,frame_019.png,frame_019.png,800,67.0,38.0,1.0,2.3483411835099175,0.9711974454092204,1.0,0.372960372960373,0.3981047832655224,67.22590807829245,66.76076692189807,8.54400374531753,3.508806266935736,3.1622776601683795,16.91098665508794,16.018330327461225,21.099398811535167,158.90999999999985,0.8869179600886918,32.121569365262985,252.74902686476707,0.2666666805744171,0.04313725233078003,0.3391171886752885,0.29411765933036804,0.43921568989753723,0.2452028195821602,0.3159362835809588,0.30588236451148987,0.21960784494876862,0.21960784494876862,0.015666271595541088,0.059192428660181866,0.364705890417099,74.35707743516302,40.19239421045841,0.0,74.035,40.08625,0,79.0,42.0,0.0,1,0.0,0.0,1.0,0.0,1,1,nan,0.0,0,0.0,0.0
20,2,file:/data/jwd08/main/000/106/626/106626599/working/input/frame_019.png,0,0,frame_019.png,frame_019.png,1070,134.0,66.0,1.0,3.195565654570524,0.9837745534305398,1.0,0.46240276577355227,0.3201339265962704,91.72411200739629,90.47098982546837,9.0,3.532787197465554,3.1622776601683795,18.146058683016616,16.45614111457478,9.950366400628385,204.94199999999987,0.8788501026694046,43.30980461835861,335.0274599939585,0.25882354378700256,0.05098038911819458,0.6490441398228894,0.29411765933036804,0.45098039507865906,0.23928068849921885,0.3131097756952883,0.30588236451148987,0.21176470816135406,0.21176470816135406,0.015618289859366747,0.06213807754359103,0.3607843220233917,143.96407672730535,66.98655071176118,0.0,144.61308411214952,66.99345794392524,0,138.0,69.0,0.0,2,0.0,0.0,1.0,0.0,2,1,nan,0.0,0,0.0,0.0
20,3,file:/data/jwd08/main/000/106/626/106626599/working/input/frame_019.png,0,0,frame_019.png,frame_019.png,4989,73.0,130.0,1.0,1.4874308780360035,0.891364586024006,1.0,0.55993265993266,0.4359220470503632,125.00520965221834,134.45073447177595,24.73863375370596,9.297967205323422,8.246211251235321,63.17384426811054,56.6632461767306,2.0498008172545936,379.233999999999,0.814065431998042,105.97255143523216,2346.3294821083546,0.3490196168422699,0.11764708161354065,4.1634479422370285,0.5843137502670288,0.8941176533699036,0.3301325589882622,0.4703005576484976,0.47058823704719543,0.20000000298023224,0.20000000298023224,0.10705257713178559,0.14493941186583786,0.5843137502670288,90.0351153411468,126.63447454952431,0.0,86.43756263780317,124.53878532772099,0,126.0,132.0,0.0,3,0.0,0.0,1.0,0.0,3,1,nan,0.0,0,0.0,0.0
21,1,file:/data/jwd08/main/000/106/626/106626599/working/input/frame_020.png,0,0,frame_020.png,frame_020.png,946,126.0,65.0,1.0,2.423088503154152,0.9443358082144526,1.0,0.3561746987951807,0.21045515948269325,72.50717830772099,83.54639429682169,8.54400374531753,3.1758809052568266,2.8284271247461903,25.887329838240294,23.85363642839128,8.52792588038768,237.66799999999972,0.6745098039215688,48.79215748608112,285.6549095362425,0.24705882370471954,0.03921569883823395,0.35353679513138825,0.2823529541492462,0.4431372582912445,0.2357109057298605,0.3019607923216094,0.27843138575553894,0.2078431397676468,0.2078431397676468,0.012513396967657811,0.0655150217480409,0.3529411852359772,133.4614234058417,67.10727329476288,0.0,133.78224101479915,67.25581395348837,0,133.0,64.0,0.0,1,0.0,0.0,1.0,0.0,1,1,nan,0.0,0,0.0,0.0
21,2,file:/data/jwd08/main/000/106/626/106626599/working/input/frame_020.png,0,0,frame_020.png,frame_020.png,4296,97.0,126.0,1.0,1.2523640356083638,0.8337781526356398,1.0,0.5507692307692308,0.5012937192612144,102.32598810808531,114.49454135459908,26.570660511172846,9.567404646961478,8.06225774829855,63.20060108406946,56.494139315861695,-22.717868518055166,328.16399999999896,0.8407867697426362,91.82745292782784,1965.9177066385746,0.34117648005485535,0.1098039448261261,2.5154464138207113,0.6196078658103943,0.7568627595901489,0.34136599601422984,0.4576158535005993,0.4627451002597809,0.21176470816135406,0.21176470816135406,0.1169306350900358,0.13530734649975726,0.5647059082984924,92.47279029343564,129.68206037113433,0.0,90.7725791433892,127.82821229050279,0,111.0,126.0,0.0,2,0.0,0.0,1.0,0.0,2,1,nan,0.0,0,0.0,0.0
22,1,file:/data/jwd08/main/000/106/626/106626599/working/input/frame_021.png,0,0,frame_021.png,frame_021.png,791,115.0,66.0,1.0,2.6737350521427166,0.9725808162393157,1.0,0.5337381916329285,0.3216167985435317,71.41149864669025,77.23341245859851,9.219544457292887,3.5512080276350098,3.0,18.0,16.607826952121794,4.890277178675986,175.80199999999988,0.803861788617886,35.137255281209946,242.75294634699821,0.23529411852359772,0.058823540806770325,0.4264514918275532,0.2823529541492462,0.48235294222831726,0.22380417376566844,0.3068937374804023,0.2862745225429535,0.20392157137393951,0.20392157137393951,0.013592749036795037,0.07881335197538353,0.3686274588108063,124.91822552803366,66.3195373281,0.0,125.33881163084703,66.24905183312264,0,129.0,69.0,0.0,1,0.0,0.0,1.0,0.0,1,1,nan,0.0,0,0.0,0.0
22,2,file:/data/jwd08/main/000/106/626/106626599/working/input/frame_021.png,0,0,frame_021.png,frame_021.png,10743,100.0,136.0,1.0,1.4052670483881413,0.8841538268420597,1.0,0.7065903709550119,0.4565808909010965,177.3100525198764,184.61040057374882,36.76955262170047,13.906063921805462,12.529964086141668,83.0,82.83852985141871,-0.5435033469608501,543.7619999999984,0.8493833017077799,130.36470790207386,5412.643263861537,0.33725491166114807,0.14509806036949158,7.710201468719191,1.0,1.0,0.2852619428929406,0.5038297741656462,0.46666666865348816,0.20392157137393951,0.10980392247438431,0.14942863044081317,0.20886662409606874,0.6392157077789307,130.86892694959286,133.41398715363684,0.0,123.2049706785814,132.57079028204413,0,187.0,130.0,0.0,2,0.0,0.0,1.0,0.0,2,1,nan,0.0,0,0.0,0.0
23,1,file:/data/jwd08/main/000/106/626/106626599/working/input/frame_022.png,0,0,frame_022.png,frame_022.png,10647,110.0,138.0,1.0,1.4794858795615122,0.8998046354658148,1.0,0.661140089418778,0.43333009186654814,183.22559445395333,185.52627846210896,34.0,13.271892761719215,12.041594578792296,84.79854332992619,79.94005187087357,-4.107634823218593,555.6599999999983,0.8280769978611704,145.77647507190704,5830.819727927446,0.364705890417099,0.15686273574829102,7.564739963966542,1.0,1.0,0.31016271291895114,0.5476490774798015,0.48627451062202454,0.239215686917305,0.125490203499794,0.1449368320921833,0.22868149433325727,0.7098039388656616,151.11049381719067,131.20699208702177,0.0,143.5610970226355,131.68855076547385,0,183.0,127.0,0.0,1,0.0,0.0,1.0,0.0,1,1,nan,0.0,0,0.0,0.0
24,1,file:/data/jwd08/main/000/106/626/106626599/working/input/frame_023.png,0,0,frame_023.png,frame_023.png,9615,188.0,127.0,1.0,1.3439589365072007,0.8368598521124051,1.0,0.6070075757575758,0.3351886921939474,158.83425396121228,169.28378540191025,34.92849839314596,12.363600631593965,11.0,95.36736409305108,86.94860214196434,-12.993090200776198,600.3919999999979,0.7608609638363539,158.36471074819565,5411.0040243417025,0.3803921639919281,0.14901962876319885,4.318895080755473,0.843137264251709,1.0,0.319283691024588,0.5627669292087054,0.49803921580314636,0.21176470816135406,0.1725490242242813,0.12816549347072828,0.2349853797283779,0.7254902124404907,168.98834030442242,130.3830263252369,0.0,165.05990639625585,132.17753510140406,0,165.0,131.0,0.0,1,0.0,0.0,1.0,0.0,1,1,nan,0.0,0,0.0,0.0
24,2,file:/data/jwd08/main/000/106/626/106626599/working/input/frame_023.png,0,0,frame_023.png,frame_023.png,1479,83.0,121.0,1.0,1.179556986091298,0.7953072496694902,1.0,0.5918367346938775,0.5405161479696192,56.966098772434734,60.21627686929839,16.278820596099706,5.804128735087542,5.0,36.0,34.53322207976629,51.902788024611745,185.43199999999968,0.8800952097590001,48.9176481962204,556.95295342803,0.3137255012989044,0.06666666269302368,2.1734362977933097,0.4941176474094391,0.5098039507865906,0.33736309100841655,0.3765740050223327,0.3686274588108063,0.239215686917305,0.239215686917305,0.07905625703413698,0.07654956129378383,0.4431372582912445,84.80667214031818,124.0067734225363,0.0,84.41920216362406,121.868154158215,0,86.0,133.0,0.0,2,0.0,0.0,1.0,0.0,2,1,nan,0.0,0,0.0,0.0
26,1,file:/data/jwd08/main/000/106/626/106626599/working/input/frame_025.png,0,0,frame_025.png,frame_025.png,1480,97.0,135.0,1.0,1.2162654960101065,0.7974506370308011,1.0,0.517120894479385,0.6038199243593624,57.935814269932834,57.0087712549569,15.264337522473747,5.988755133508483,5.385164807134504,38.471658310380704,34.95755440160698,38.97462824820771,175.50199999999973,0.8747044917257684,42.396079897880554,583.96863925457,0.3450980484485626,0.054901957511901855,0.6795202702507515,0.46666666865348816,0.5529412031173706,0.3163886559543325,0.3945734049017365,0.3960784375667572,0.26274511218070984,0.26274511218070984,0.05717241633566673,0.06799206203633945,0.45098039507865906,91.68112707472683,131.08521135198458,0.0,91.65810810810811,130.40608108108108,0,82.0,129.0,0.0,1,0.0,0.0,1.0,0.0,1,1,nan,0.0,0,0.0,0.0
27,1,file:/data/jwd08/main/000/106/626/106626599/working/input/frame_026.png,0,0,frame_026.png,frame_026.png,1391,110.0,140.0,1.0,1.6677121977931633,0.9327996035144831,1.0,0.429320987654321,0.5025392729988959,72.24005045599507,70.43436661176133,12.041594578792296,5.068993166877078,5.0,28.213787155972618,26.034987426673514,43.720853501574865,186.50199999999973,0.85311254216498,46.7607858479023,534.9725598394871,0.33725491166114807,0.04313725233078003,0.36945321624595723,0.4156862795352936,0.5411764979362488,0.32248817826139514,0.38459565768474985,0.3803921639919281,0.29019609093666077,0.29019609093666077,0.03255386849366062,0.055209885046237334,0.42352941632270813,100.07916842863158,132.43163656378562,0.0,100.00143781452192,132.07045291157442,0,98.0,134.0,0.0,1,0.0,0.0,1.0,0.0,1,1,nan,0.0,0,0.0,0.0
28,1,file:/data/jwd08/main/000/106/626/106626599/working/input/frame_027.png,0,0,frame_027.png,frame_027.png,6197,243.0,88.0,1.0,1.2071086763345098,0.5631763973097805,1.0,0.4805366004962779,0.3293230405724532,106.23024296644422,123.1990259701756,33.24154027718932,10.918779170917018,9.055385138137417,95.65789673386703,87.78194865389284,-16.6565047593742,486.27799999999826,0.7298745656910665,140.05098515748978,3840.247120320797,0.3843137323856354,0.22352942824363708,1.6544272300833356,1.0,1.0,0.34838553521763627,0.6196945490270771,0.5843137502670288,0.25882354378700256,0.25882354378700256,0.16944743842124305,0.2507830412317139,0.8392156958580017,242.9949625994159,90.19880051538895,0.0,244.61400677747298,90.53913183798612,0,240.0,94.0,0.0,1,0.0,0.0,1.0,0.0,1,1,nan,0.0,0,0.0,0.0
28,2,file:/data/jwd08/main/000/106/626/106626599/working/input/frame_027.png,0,0,frame_027.png,frame_027.png,1409,124.0,142.0,1.0,1.6201902784599802,0.9235994367408834,1.0,0.41897115670532264,0.46000984111595555,71.12898421762567,72.34638899074369,12.206555615733702,5.1091312357908665,4.47213595499958,26.78968046769014,27.267932324508266,36.10724865517849,196.18999999999969,0.8612469437652812,45.10588428378105,504.90981724858284,0.30588236451148987,0.04313725233078003,0.44474337351295473,0.38823530077934265,0.5490196347236633,0.29100570505665196,0.358346215222557,0.3450980484485626,0.26274511218070984,0.26274511218070984,0.02416060997376964,0.06405752486081831,0.3960784375667572,110.69270383162477,133.72839256645938,0.0,111.13413768630234,133.67423704755146,0,108.0,134.0,0.0,2,0.0,0.0,1.0,0.0,2,1,nan,0.0,0,0.0,0.0
29,1,file:/data/jwd08/main/000/106/626/106626599/working/input/frame_028.png,0,0,frame_028.png,frame_028.png,3235,61.0,58.0,1.0,1.2587614907445963,0.8501333066058481,1.0,0.6608784473953013,0.6073667351267683,89.99081078113886,90.44335243676011,20.518284528683193,8.501741970865192,7.810249675906654,48.53354669338699,47.386238729201736,78.24219581848615,258.71199999999953,0.8992355802640721,73.04706081748009,1549.4667060524225,0.3529411852359772,0.10588237643241882,3.3452633248719286,0.6745098233222961,0.9490196108818054,0.3461946010307113,0.47896961547215533,0.4431372582912445,0.23137255012989044,0.23137255012989044,0.13960094179772237,0.16621900139905746,0.572549045085907,64.92115946325238,77.75508587654963,0.0,64.2822256568779,74.47140649149922,0,69.0,94.0,0.0,1,0.0,0.0,1.0,0.0,1,1,nan,0.0,0,0.0,0.0
29,2,file:/data/jwd08/main/000/106/626/106626599/working/input/frame_028.png,0,0,frame_028.png,frame_028.png,1969,118.0,128.0,1.0,1.3004782369702523,0.8649497597084216,1.0,0.567762399077278,0.5573163381532372,72.10511811398068,71.84010022264724,17.08800749063506,6.573423246321407,6.0,37.803676535721074,36.18656348500026,29.418784917072568,210.7059999999997,0.8617067833698032,45.42353044450283,625.9215880036354,0.2666666805744171,0.039215683937072754,0.8279220411156418,0.3803921639919281,0.49803921580314636,0.2610547726695565,0.3178880589150002,0.3019607961177826,0.23137255012989044,0.23137255012989044,0.03460713561787858,0.062211274723431104,0.3607843220233917,119.72637061303077,132.8241526017786,0.0,120.3981716607415,132.34027425088877,0,120.0,136.0,0.0,2,0.0,0.0,1.0,0.0,2,1,nan,0.0,0,0.0,0.0
30,1,file:/data/jwd08/main/000/106/626/106626599/working/input/frame_029.png,0,0,frame_029.png,frame_029.png,2680,67.0,52.0,1.0,1.6113612382105973,0.9104371585530353,1.0,0.5394524959742351,0.48950225831948957,96.7751660324079,92.39588735436226,16.278820596099706,6.713496957076458,6.324555320336759,42.63822680318345,40.030796843175395,72.77583398569074,262.29799999999955,0.8143421452446065,67.23529562354088,1194.2706187814474,0.32549020648002625,0.1098039448261261,4.318549898453798,0.729411780834198,0.8627451062202454,0.31272230522577155,0.445623365216958,0.4117647111415863,0.18039216101169586,0.18039216101169586,0.1349286160182279,0.1656899918142866,0.545098066329956,74.25831505111215,75.87897449829588,0.0,73.27014925373135,71.675,0,76.0,91.0,0.0,1,0.0,0.0,1.0,0.0,1,1,nan,0.0,0,0.0,0.0
30,2,file:/data/jwd08/main/000/106/626/106626599/working/input/frame_029.png,0,0,frame_029.png,frame_029.png,1530,129.0,134.0,1.0,1.5017906484005537,0.9119364291939113,1.0,0.5039525691699605,0.47436233010416107,70.70459757182965,71.16881339463234,14.317821063276353,5.399078989907508,5.0,31.847229356713516,29.01232437262357,21.65274883783763,201.32399999999973,0.8310700706137969,40.86274564266205,457.8274639248848,0.250980406999588,0.03921569883823395,1.1976954242046574,0.34117648005485535,0.43529412150382996,0.24323062882536933,0.2992336365522123,0.2823529541492462,0.21568627655506134,0.21568627655506134,0.029239938274720295,0.05769240746984123,0.3450980484485626,124.66881949035599,134.38950371122846,0.0,125.85816993464053,134.2483660130719,0,123.0,136.0,0.0,2,0.0,0.0,1.0,0.0,2,1,nan,0.0,0,0.0,0.0
32,1,file:/data/jwd08/main/000/106/626/106626599/working/input/frame_031.png,0,0,frame_031.png,frame_031.png,4090,82.0,89.0,1.0,1.2007655625628877,0.5215390557802477,1.0,0.49975562072336266,0.43269477089747527,84.96172932396327,94.59386872308374,26.870057685088806,8.85119047017485,7.615773105863909,76.30690455201592,72.4916762662077,-51.26886764613583,344.647999999999,0.7806833365146022,82.86274676024914,1966.3686771690845,0.30980393290519714,0.13725489377975464,3.7510253974396637,0.8588235378265381,1.0,0.29074647986052327,0.4807747376941527,0.4313725531101227,0.21960784494876862,0.21960784494876862,0.11844618109929284,0.20573394027801947,0.615686297416687,81.03030963192076,87.54362572126989,0.0,78.07506112469437,85.23349633251834,0,80.0,99.0,0.0,1,0.0,0.0,1.0,0.0,1,1,nan,0.0,0,0.0,0.0
32,2,file:/data/jwd08/main/000/106/626/106626599/working/input/frame_031.png,0,0,frame_031.png,frame_031.png,1024,157.0,143.0,1.0,2.0448023531056507,0.9584196681161108,1.0,0.5251282051282051,0.4801892815800099,70.1549692776825,64.76109943476871,9.219544457292887,4.123190661480679,4.0,21.310222793201522,20.019595375311614,11.491476694013503,163.69999999999985,0.8178913738019171,33.63921605050564,288.3254990577698,0.24313725531101227,0.0313725620508194,1.0304975546876218,0.30980393290519714,0.4000000059604645,0.235239273080459,0.2815678701736033,0.27450981736183167,0.19607843458652496,0.19607843458652496,0.016964171300352687,0.043535782397786285,0.3137255012989044,138.63162545065623,140.42815174044344,0.0,139.662109375,140.4228515625,0,132.0,141.0,0.0,2,0.0,0.0,1.0,0.0,2,1,nan,0.0,0,0.0,0.0
33,1,file:/data/jwd08/main/000/106/626/106626599/working/input/frame_032.png,0,0,frame_032.png,frame_032.png,4380,94.0,75.0,1.0,1.1070615804123196,0.7092970877943743,1.0,0.5821371610845295,0.4598669490482144,90.70437286544629,106.62082348209472,28.160255680657446,10.012300787046717,8.54400374531753,65.4,63.93838944035643,67.95772962706776,345.95999999999896,0.8771402823670772,78.20000134408474,2062.929463148117,0.29411765933036804,0.14509806036949158,4.689393636481179,0.7803921699523926,1.0,0.27730496930526505,0.4709884619059628,0.41960784792900085,0.2078431397676468,0.2078431397676468,0.12707587023165678,0.21236037363232896,0.6078431606292725,91.92402957759579,81.15900664309939,0.0,89.16849315068494,77.36461187214611,0,98.0,99.0,0.0,1,0.0,0.0,1.0,0.0,1,1,nan,0.0,0,0.0,0.0
34,1,file:/data/jwd08/main/000/106/626/106626599/working/input/frame_033.png,0,0,frame_033.png,frame_033.png,2573,258.0,61.0,1.0,2.000806553714682,0.9289858194531955,1.0,0.31416361416361416,0.27275047388052254,107.22396098933508,125.1758762701504,15.033296378372908,5.399145264297058,5.0,44.91371491117393,39.68523022130089,-54.596145158506395,344.30399999999884,0.6866826794769147,55.34117740392685,640.0706060528755,0.21176470816135406,0.03529413044452667,0.9845795529991004,0.250980406999588,0.3921568691730499,0.19555186361811608,0.24876432415580083,0.24313725531101227,0.16470588743686676,0.15294118225574493,0.013328069119126843,0.04442149904921052,0.2823529541492462,244.78582637049712,74.70637426880312,0.0,244.0120481927711,75.31519626894675,0,241.0,62.0,0.0,1,0.0,0.0,1.0,0.0,1,1,nan,0.0,0,0.0,0.0
34,2,file:/data/jwd08/main/000/106/626/106626599/working/input/frame_033.png,0,0,frame_033.png,frame_033.png,6475,113.0,72.0,1.0,1.4470371163802866,0.7561179525860364,1.0,0.5837540569780022,0.3978429732200595,129.03444859137235,130.51053597315428,23.0,9.163484904973359,8.54400374531753,87.80074989096579,84.44470595025008,70.50205435270323,452.23999999999864,0.7776376628835647,96.43921773135662,2868.15693160519,0.26274511218070984,0.13333334028720856,7.963304544103744,0.7607843279838562,1.0,0.25445703886901483,0.44295859947570504,0.37254902720451355,0.18039216101169586,0.0313725508749485,0.13353831565760502,0.21381040462787645,0.6039215922355652,96.24497249505946,86.84828813434328,0.0,92.80092664092665,79.66826254826255,0,94.0,130.0,0.0,2,0.0,0.0,1.0,0.0,2,1,nan,0.0,0,0.0,0.0
35,1,file:/data/jwd08/main/000/106/626/106626599/working/input/frame_034.png,0,0,frame_034.png,frame_034.png,1021,262.0,60.0,1.0,3.1568171447277122,0.9589737275932191,1.0,0.27805010893246185,0.2521536306586811,87.05579631719961,82.09750300709517,10.0,3.226273927668706,2.8284271247461903,29.304638059397163,24.679879101736255,-65.95728744491504,225.57199999999952,0.5864445720850087,44.03137315809727,287.9921663403511,0.250980406999588,0.027450978755950928,1.4450591227046004,0.2705882489681244,0.4313725531101227,0.23800742247620144,0.2820687231541147,0.27450981736183167,0.21960784494876862,0.21960784494876862,0.00968958769172009,0.04301830974856623,0.3019607961177826,254.0073804034198,73.97111848580117,0.0,253.32125367286974,75.24289911851126,0,256.0,56.0,0.0,1,0.0,0.0,1.0,0.0,1,1,nan,0.0,0,0.0,0.0
35,2,file:/data/jwd08/main/000/106/626/106626599/working/input/frame_034.png,0,0,frame_034.png,frame_034.png,769,54.0,56.0,1.0,1.5378259067787778,0.9020269283893566,1.0,0.654468085106383,0.543128612125511,50.37130243333746,48.08326112068523,8.602325267042627,3.882851876469244,3.605551275463989,21.86198354192496,21.744272052593665,11.070996208441423,133.38800000000003,0.8501934770591486,27.51372593641281,254.68235877156258,0.2549019753932953,0.06666666269302368,0.17985237365490794,0.2980392277240753,0.5098039507865906,0.24134847312642818,0.3311864223297303,0.3137255012989044,0.2235294133424759,0.2235294133424759,0.017142115985225637,0.08240774525491326,0.3960784375667572,66.42404220978271,59.32432555166201,0.0,66.60208062418725,59.34980494148245,0,66.0,61.0,0.0,2,0.0,0.0,1.0,0.0,2,1,nan,0.0,0,0.0,0.0
35,3,file:/data/jwd08/main/000/106/626/106626599/working/input/frame_034.png,0,0,frame_034.png,frame_034.png,1828,67.0,99.0,1.0,1.358666350715877,0.852548783095904,1.0,0.47040658775090066,0.46328371465512286,70.41855268075979,74.43117626371358,15.556349186104045,5.914507051505428,5.0990195135927845,42.46035651715104,36.804091505555185,-32.94682073509798,222.67399999999952,0.7965141612200436,44.7764717489481,537.4235461354256,0.2549019753932953,0.03529411554336548,0.8010626486565798,0.3294117748737335,0.4156862795352936,0.25014788686563183,0.293995375347607,0.29019609093666077,0.2078431397676468,0.2078431397676468,0.027245109989022034,0.046127608329036125,0.32549020648002625,69.84688744391144,97.21138623013317,0.0,70.55962800875274,96.84573304157549,0,65.0,100.0,0.0,3,0.0,0.0,1.0,0.0,3,1,nan,0.0,0,0.0,0.0
35,4,file:/data/jwd08/main/000/106/626/106626599/working/input/frame_034.png,0,0,frame_034.png,frame_034.png,4456,128.0,74.0,1.0,1.9541968107389756,0.7827082430598125,1.0,0.41144967682363803,0.32160038449976147,126.21945579889528,129.72663566130126,22.0,7.6734120909653765,6.4031242374328485,79.90306627407988,78.55757440244838,48.34648231320218,417.2719999999985,0.6470161173224915,95.14117820560932,2127.027499809861,0.3019607961177826,0.1254901885986328,6.312560267770494,0.7411764860153198,1.0,0.2710574877652687,0.47734010318892756,0.4000000059604645,0.21568627655506134,0.21568627655506134,0.09977174146184009,0.21820722478414484,0.6196078658103943,112.55103872209568,77.98901154878514,0.0,109.64205565529623,72.38666965888689,0,118.0,91.0,0.0,4,0.0,0.0,1.0,0.0,4,1,nan,0.0,0,0.0,0.0
35,5,file:/data/jwd08/main/000/106/626/106626599/working/input/frame_034.png,0,0,frame_034.png,frame_034.png,4130,85.0,142.0,1.0,1.4840075906494334,0.8923482386788354,1.0,0.5004240882103478,0.42185631654643796,113.69778277535389,131.24023773218335,24.0,8.534131924854893,7.280109889280518,62.0,51.31721696013145,-13.58877371810745,350.7499999999993,0.8055393017359079,80.23529563844204,2047.396122187376,0.29019609093666077,0.16470587253570557,2.0304382243590435,0.7450980544090271,1.0,0.27198405301166795,0.4957375598516649,0.4313725531101227,0.18039216101169586,0.18039216101169586,0.10926126335879406,0.23599942864430937,0.6627451181411743,87.74226276544347,144.3950421911115,0.0,85.71234866828087,144.34891041162228,0,73.0,153.0,0.0,5,0.0,0.0,1.0,0.0,5,1,nan,0.0,0,0.0,0.0
36,1,file:/data/jwd08/main/000/106/626/106626599/working/input/frame_035.png,0,0,frame_035.png,frame_035.png,1345,87.0,56.0,1.0,1.6153147362713705,0.6290411731986975,1.0,0.5604166666666667,0.24209966984865766,58.68248793807403,60.08327554319921,8.48528137423857,3.4824327525032714,3.0,39.0,45.618122108926144,3.8418246024867027,264.22199999999947,0.7077084977637464,58.70196279883385,453.2666790187359,0.27843138575553894,0.054901957511901855,0.7023631373428891,0.3137255012989044,0.5176470875740051,0.25522592521232107,0.3370012483410676,0.32549020648002625,0.2235294133424759,0.2235294133424759,0.015036482252522236,0.07064679584269525,0.38823530077934265,69.29278525815417,50.68196011316907,0.0,69.02304832713754,50.03345724907063,0,68.0,60.0,0.0,1,0.0,0.0,1.0,0.0,1,1,nan,0.0,0,0.0,0.0
36,2,file:/data/jwd08/main/000/106/626/106626599/working/input/frame_035.png,0,0,frame_035.png,frame_035.png,4929,127.0,111.0,1.0,1.5934568386867711,0.8627146608568156,1.0,0.4804093567251462,0.3744397060463814,126.0022511635905,119.4026800369238,22.47220505424423,8.411627523243396,7.615773105863909,74.9435081362269,63.71820768987896,-74.71283730777563,406.71799999999894,0.6457064256238946,99.29804167151451,2419.207904204726,0.3176470696926117,0.14117646217346191,2.323155746374883,0.7058823704719543,1.0,0.28865709788230964,0.49081109843877585,0.43921568989753723,0.21568627655506134,0.21568627655506134,0.11521464092695487,0.20454524562443238,0.615686297416687,130.65157937661934,91.99122217752206,0.0,131.68857780482855,89.91235544735241,0,121.0,98.0,0.0,2,0.0,0.0,1.0,0.0,2,1,nan,0.0,0,0.0,0.0
36,3,file:/data/jwd08/main/000/106/626/106626599/working/input/frame_035.png,0,0,frame_035.png,frame_035.png,1705,76.0,101.0,1.0,1.268998119661086,0.8418493265840146,1.0,0.6395348837209303,0.6117096084167224,65.27067528205309,65.39113089708727,16.76305461424021,6.418459761592769,5.830951894845301,37.515299054850395,35.227407113811545,-13.831956943259357,187.15199999999982,0.8947782734190501,40.49411863088608,550.0274675786495,0.27843138575553894,0.039215683937072754,0.041104531020595046,0.3450980484485626,0.4745098054409027,0.259577683531321,0.32259675517809355,0.32156863808631897,0.239215686917305,0.239215686917305,0.026194456913960638,0.0520063941863964,0.35686275362968445,75.61367344706407,99.03587700029068,0.0,75.6533724340176,99.02521994134898,0,83.0,97.0,0.0,3,0.0,0.0,1.0,0.0,3,1,nan,0.0,0,0.0,0.0
37,1,file:/data/jwd08/main/000/106/626/106626599/working/input/frame_036.png,0,0,frame_036.png,frame_036.png,726,79.0,62.0,1.0,1.777031017789674,0.9225388674278867,1.0,0.5377777777777778,0.46471150181103416,53.454630519710996,53.23532661682466,8.94427190999916,3.679319386766875,3.1622776601683795,21.768891000338428,20.62836549250986,-9.457118471776184,140.11400000000003,0.8084632516703785,32.20784467458725,263.5882415473461,0.30588236451148987,0.05098038911819458,0.21326234765567778,0.33725491166114807,0.5058823823928833,0.2776538334016142,0.3630692032332591,0.3529411852359772,0.2549019753932953,0.2549019753932953,0.014529888815081077,0.06820746722140482,0.4156862795352936,81.05458600896122,58.67880681335817,0.0,80.84710743801652,58.629476584022036,0,75.0,62.0,0.0,1,0.0,0.0,1.0,0.0,1,1,nan,0.0,0,0.0,0.0
37,2,file:/data/jwd08/main/000/106/626/106626599/working/input/frame_036.png,0,0,frame_036.png,frame_036.png,5194,157.0,50.0,1.0,1.5568484998505014,0.8917103634738477,1.0,0.5213289169928736,0.4469768130342992,130.51829732474246,123.47064428438041,25.019992006393608,9.234570803539764,8.246211251235321,67.74549284441905,59.07342740679361,-77.2049068128298,382.1319999999988,0.7490085802869709,100.77255365252495,2610.568692982197,0.3294117748737335,0.13725492358207703,4.590836422319144,0.6901960968971252,1.0,0.31491423016414044,0.5026123783177121,0.4470588266849518,0.250980406999588,0.250980406999588,0.11223233960172244,0.19497782994383078,0.6509804129600525,149.62088948898412,77.89327992358017,0.0,152.89006546014633,74.67019638043897,0,137.0,82.0,0.0,2,0.0,0.0,1.0,0.0,2,1,nan,0.0,0,0.0,0.0
37,3,file:/data/jwd08/main/000/106/626/106626599/working/input/frame_036.png,0,0,frame_036.png,frame_036.png,5317,100.0,146.0,1.0,1.3351187564930516,0.8802579540278515,1.0,0.6444848484848484,0.5547054004292938,121.280762748105,124.25779653607253,25.80697580112788,10.35369213169296,9.433981132056603,61.32115495589511,57.54717039044446,-7.576847930982098,347.0619999999991,0.8913663034367142,89.84314079582691,2582.4079039543867,0.30980393290519714,0.13725492358207703,4.856135724567043,0.6823529601097107,1.0,0.3098039337787135,0.48568890426074607,0.40784314274787903,0.1921568661928177,0.125490203499794,0.12338326351266181,0.21987200233990603,0.6509804129600525,97.91064276518166,145.48340199103401,0.0,93.2010532255031,144.29941696445363,0,86.0,157.0,0.0,3,0.0,0.0,1.0,0.0,3,1,nan,0.0,0,0.0,0.0
38,1,file:/data/jwd08/main/000/106/626/106626599/working/input/frame_037.png,0,0,frame_037.png,frame_037.png,6633,170.0,46.0,1.0,1.81162087856666,0.9303073503685162,1.0,0.4560643564356436,0.3499122870548207,163.93332377101837,156.52475842498527,24.596747752497688,9.446623316067333,8.602325267042627,69.8806368826949,60.12761320496809,-70.09456420601873,488.0679999999985,0.7247596153846154,142.0117692500353,3592.3255779594183,0.3921568691730499,0.13725492358207703,3.346337163167315,0.6784313917160034,1.0,0.34302359722230746,0.5415838350609706,0.5176470875740051,0.24705882370471954,0.24705882370471954,0.06357354261222041,0.1704573793817724,0.6784313917160034,156.8798091392474,85.78731681815268,0.0,159.15845017337554,83.33665008291874,0,149.0,72.0,0.0,1,0.0,0.0,1.0,0.0,1,1,nan,0.0,0,0.0,0.0
38,2,file:/data/jwd08/main/000/106/626/106626599/working/input/frame_037.png,0,0,frame_037.png,frame_037.png,2620,92.0,158.0,1.0,1.4688157470952357,0.8748627200291632,1.0,0.7100271002710027,0.47805468083377145,88.98344655834028,85.09406559801923,16.492422502470642,6.635496413943556,6.0,42.17305267207267,43.10099690190371,-0.9074852303429041,262.43199999999956,0.8235109225208236,79.59215939044952,1445.9255186021328,0.35686275362968445,0.13333332538604736,4.381961161392043,0.6784313917160034,1.0,0.3553221401359354,0.5518799689321118,0.4745098054409027,0.30588236451148987,0.30588236451148987,0.08009074261154295,0.22130037020308307,0.7215686440467834,92.57568117397975,154.44822910029552,0.0,88.22709923664122,153.9083969465649,0,102.0,156.0,0.0,2,0.0,0.0,1.0,0.0,2,1,nan,0.0,0,0.0,0.0
39,1,file:/data/jwd08/main/000/106/626/106626599/working/input/frame_038.png,0,0,frame_038.png,frame_038.png,5537,182.0,41.0,1.0,1.7170818067917624,0.9218126895113126,1.0,0.5026325344952796,0.4812630188669942,144.83089581325697,136.7808466123821,24.186773244895647,9.39282279042996,8.94427190999916,61.446602277968545,56.14161251760974,-71.51045411637938,380.23399999999896,0.7931528434321731,122.87059128284454,3398.458893150091,0.43921568989753723,0.15686273574829102,2.60280465032122,0.7372549176216125,1.0,0.3815856872138029,0.6137726012552088,0.6039215922355652,0.3333333432674408,0.3333333432674408,0.07576776028216933,0.186127936056072,0.7529411911964417,171.45970091369097,72.47392416599007,0.0,173.57413761964963,70.95611341881886,0,159.0,67.0,0.0,1,0.0,0.0,1.0,0.0,1,1,nan,0.0,0,0.0,0.0
39,2,file:/data/jwd08/main/000/106/626/106626599/working/input/frame_038.png,0,0,frame_038.png,frame_038.png,2679,108.0,161.0,1.0,1.8476696771371084,0.9438340685054056,1.0,0.4349025974025974,0.3368698516633447,106.45010210663946,113.5649593844862,15.297058540778355,5.971775240726449,5.385164807134504,39.41616013557992,35.17322255896401,-21.27998414353682,316.1259999999993,0.7994628469113697,103.00392404198647,1600.0431667268276,0.4117647111415863,0.14901962876319885,1.2453703323010563,0.7411764860153198,1.0,0.3916499013003288,0.5972538882892227,0.5411764979362488,0.2549019753932953,0.2549019753932953,0.08537366561002464,0.20964835039870292,0.7529411911964417,122.0859168376037,151.70239525998238,0.0,121.37551325121314,152.72527062336692,0,102.0,162.0,0.0,2,0.0,0.0,1.0,0.0,2,1,nan,0.0,0,0.0,0.0
40,1,file:/data/jwd08/main/000/106/626/106626599/working/input/frame_039.png,0,0,frame_039.png,frame_039.png,6345,201.0,30.0,1.0,1.7159688510873041,0.9214966610592518,1.0,0.4980376766091052,0.4315105944885273,154.94108895712827,141.6827441857335,26.0,9.886483418462085,9.219544457292887,66.02481979868865,60.176993391470795,-70.95697277214438,429.8579999999988,0.7656570532158803,126.61961176991463,3711.054980158806,0.40784314274787903,0.16078433394432068,2.555042704857963,0.6980392336845398,1.0,0.35074684700807374,0.5848786414749891,0.5568627715110779,0.29019609093666077,0.29019609093666077,0.08221314856168134,0.19443630371846618,0.7450980544090271,186.57444691789115,66.21896103122104,0.0,189.04996059889677,65.58644602048858,0,173.0,62.0,0.0,1,0.0,0.0,1.0,0.0,1,1,nan,0.0,0,0.0,0.0
